schubImp2Op90Split42.xml,romantic
lisztConcEtu1Split38.xml,romantic
bachPartita2Split25.xml,baroque
bachFug8Split26.xml,baroque
lisztConcEtu1Split12.xml,romantic
bachFreSui5GigSplit12.xml,baroque
tellemanFantSplit1.xml,baroque
debussyClaireSplit7.xml,romantic
lisztTranEtu10Split12.xml,romantic
haydnSon34Mov1Split13.xml,classical
brahamsWal15Split5.xml,romantic
bachFug6Split4.xml,baroque
brahamsRhap2Split1.xml,romantic
bachFug6Split8.xml,baroque
bachSinf1Split4.xml,baroque
chopEtu1Split4.xml,romantic
ravelSonMov1Split8.xml,romantic
rachEtuTablOp33Split15.xml,romantic
bachFug6Split17.xml,baroque
bachFug9Split3.xml,baroque
lisztTranEtu10Split10.xml,romantic
mozSon13Mov1Split27.xml,classical
haydnSymp53Mov2Split14.xml,classical
lisztTranEtu10Split24.xml,romantic
chopinPre4Split1.xml,romantic
debussyRefletsSplit12.xml,romantic
chopEtu1Split12.xml,romantic
haydnSon37Mov1Split5.xml,classical
schumFantOp12Split4.xml,romantic
mozSon13Mov1Split12.xml,classical
bachFug1Split4.xml,baroque
beetSon2Mov1Split8.xml,classical
tellemanFantSplit2.xml,baroque
bachFug3Split36.xml,baroque
chopNoc1Op15Split7.xml,romantic
lisztTranEtu10Split22.xml,romantic
tellemanFantSplit6.xml,baroque
haydnSon37Mov1Split14.xml,classical
bachFreSui5GigSplit13.xml,baroque
rachEtuTablOp33Split8.xml,romantic
rameauCyclopesSplit26.xml,baroque
rachPre2Split6.xml,romantic
rameauCyclopesSplit23.xml,baroque
chopEtu1Split8.xml,romantic
mozSon13Mov1Split39.xml,classical
haydnSon34Mov1Split28.xml,classical
ravelSonMov1Split3.xml,romantic
bachSinf1Split5.xml,baroque
rachEtuTablOp33Split14.xml,romantic
bachPartita2Split17.xml,baroque
mozSon4Mov2Split8.xml,classical
bachFug9Split8.xml,baroque
bachFug5Split3.xml,baroque
rameauCyclopesSplit12.xml,baroque
beetSon3Mov2Split16.xml,classical
debussyRefletsSplit18.xml,romantic
bachFug5Split15.xml,baroque
beetSon2Mov1Split55.xml,classical
chopEtu1Split13.xml,romantic
bachItaMov1Split29.xml,baroque
mozSon13Mov1Split22.xml,classical
chopBall4Split42.xml,romantic
mozSon13Mov1Split32.xml,classical
clemSon3Split14.xml,classical
beetSon3Mov2Split20.xml,classical
chopinSch1Split40.xml,romantic
debussyRefletsSplit20.xml,romantic
lisztTranEtu10Split9.xml,romantic
mozSon16Mov1Split16.xml,classical
lisztTranEtu10Split21.xml,romantic
handelPasSplit16.xml,baroque
couperinRondeauSplit3.xml,baroque
bachFreSui3MenSplit7.xml,baroque
haydnSon34Mov1Split24.xml,classical
brahamsWal15Split4.xml,romantic
rameauCyclopesSplit19.xml,baroque
rameauCyclopesSplit7.xml,baroque
haydnSymp53Mov2Split11.xml,classical
bachFug5Split5.xml,baroque
brahamsRhap2Split26.xml,romantic
haydnSon37Mov1Split11.xml,classical
beetSon5Mov3Split15.xml,classical
rachPre2Split1.xml,romantic
bachFug6Split5.xml,baroque
chopSon1Mov1Split2.xml,romantic
bachFug8Split25.xml,baroque
beetSon5Mov3Split10.xml,classical
lisztTranEtu10Split30.xml,romantic
bachFug6Split15.xml,baroque
schubImp2Op90Split45.xml,romantic
debussyClaireSplit5.xml,romantic
bachPartita2Split4.xml,baroque
tellemanFantSplit11.xml,baroque
haydnSon34Mov1Split18.xml,classical
chopBall4Split19.xml,romantic
debussyRefletsSplit21.xml,romantic
beetSon17Mov3Split5.xml,classical
beetSon3Mov2Split10.xml,classical
lisztConcEtu1Split10.xml,romantic
bachFreSui5GigSplit10.xml,baroque
schumFantOp12Split5.xml,romantic
bachFug8Split16.xml,baroque
beetSon17Mov3Split55.xml,classical
bachFug5Split9.xml,baroque
bachFreSui5GigSplit7.xml,baroque
bachFug5Split13.xml,baroque
debussyRefletsSplit22.xml,romantic
lisztConcEtu1Split20.xml,romantic
haydnSon37Mov1Split12.xml,classical
brahamsWal15Split9.xml,romantic
bachFug3Split17.xml,baroque
rachPre2Split3.xml,romantic
clemSon3Split13.xml,classical
beetSon3Mov2Split9.xml,classical
bachFreSui5GigSplit2.xml,baroque
chopEtu1Split11.xml,romantic
chopNoc1Op15Split12.xml,romantic
bachItaMov1Split8.xml,baroque
bachItaMov1Split26.xml,baroque
haydnSon1Mov1Split11.xml,classical
schubImp2Op90Split29.xml,romantic
lisztConcEtu1Split9.xml,romantic
mozSon13Mov1Split19.xml,classical
chopinSch1Split100.xml,romantic
rachPre2Split5.xml,romantic
beetSon3Mov2Split19.xml,classical
beetSon17Mov3Split92.xml,classical
rameauCyclopesSplit39.xml,baroque
bachFug3Split6.xml,baroque
ravelSonMov1Split18.xml,romantic
debussyRefletsSplit19.xml,romantic
bachFug3Split8.xml,baroque
bachFug3Split25.xml,baroque
bachItaMov1Split34.xml,baroque
bachFug1Split3.xml,baroque
chopSon1Mov1Split31.xml,romantic
bachFreSui5GigSplit1.xml,baroque
bachFug1Split6.xml,baroque
beetSon17Mov3Split70.xml,classical
ravelSonMov1Split20.xml,romantic
brahamsRhap2Split4.xml,romantic
chopinSch1Split53.xml,romantic
debussyClaireSplit8.xml,romantic
bachFug8Split31.xml,baroque
brahamsRhap2Split29.xml,romantic
clemSon3Split1.xml,classical
chopBall4Split27.xml,romantic
schubImp2Op90Split28.xml,romantic
mozSon13Mov1Split34.xml,classical
beetSon17Mov3Split65.xml,classical
chopNoc1Op15Split1.xml,romantic
schubImp2Op90Split40.xml,romantic
beetSon2Mov1Split48.xml,classical
bachFug3Split38.xml,baroque
chopinPre4Split6.xml,romantic
bachFug5Split8.xml,baroque
schumFantOp12Split18.xml,romantic
chopEtu10Split16.xml,romantic
schubImp2Op90Split6.xml,romantic
beetSon5Mov3Split18.xml,classical
chopNoc1Op15Split10.xml,romantic
lisztConcEtu1Split33.xml,romantic
bachPartita2Split28.xml,baroque
mozSon4Mov1Split7.xml,classical
beetSon3Mov2Split7.xml,classical
clemSon3Split15.xml,classical
bachFug9Split2.xml,baroque
beetSon3Mov2Split18.xml,classical
handelPasSplit15.xml,baroque
bachFug5Split11.xml,baroque
scarlSonSplit9.xml,baroque
beetSon3Mov2Split5.xml,classical
rachEtuTablOp33Split7.xml,romantic
beetSon5Mov3Split25.xml,classical
schubImp2Op90Split16.xml,romantic
bachItaMov1Split23.xml,baroque
haydnSon1Mov1Split2.xml,classical
bachFug8Split3.xml,baroque
beetSon2Mov1Split84.xml,classical
lisztTranEtu10Split29.xml,romantic
bachFug3Split33.xml,baroque
chopEtu1Split10.xml,romantic
ravelSonMov1Split12.xml,romantic
bachFug5Split1.xml,baroque
bachFug8Split14.xml,baroque
beetSon2Mov1Split74.xml,classical
beetSon2Mov1Split83.xml,classical
chopBall4Split7.xml,romantic
mozSon16Mov1Split13.xml,classical
bachFug6Split13.xml,baroque
haydnSon1Mov1Split7.xml,classical
bachFug1Split1.xml,baroque
beetSon2Mov1Split30.xml,classical
bachPartita2Split63.xml,baroque
scarlSonSplit4.xml,baroque
rameauCyclopesSplit25.xml,baroque
debussyClaireSplit2.xml,romantic
bachFug6Split6.xml,baroque
schumFantOp12Split10.xml,romantic
chopEtu10Split19.xml,romantic
mozSon13Mov1Split10.xml,classical
beetSon2Mov1Split54.xml,classical
mozSon16Mov1Split1.xml,classical
mozSon16Mov1Split2.xml,classical
bachFreSui5GigSplit11.xml,baroque
debussyRefletsSplit16.xml,romantic
bachFug6Split1.xml,baroque
chopSon1Mov1Split30.xml,romantic
chopSon1Mov1Split46.xml,romantic
chopinSch1Split33.xml,romantic
bachFug6Split2.xml,baroque
schubImp2Op90Split20.xml,romantic
bachPartita2Split39.xml,baroque
bachPartita2Split71.xml,baroque
chopBall4Split20.xml,romantic
haydnSon34Mov1Split2.xml,classical
haydnSon34Mov1Split5.xml,classical
schubImp2Op90Split48.xml,romantic
beetSon5Mov3Split21.xml,classical
bachFreSui1MenSplit6.xml,baroque
couperinRondeauSplit16.xml,baroque
couperinRondeauSplit12.xml,baroque
lisztTranEtu10Split5.xml,romantic
debussyClaireSplit17.xml,romantic
mozSon13Mov1Split17.xml,classical
beetSon17Mov3Split4.xml,classical
mozSon16Mov1Split3.xml,classical
beetSon17Mov3Split69.xml,classical
chopinPre4Split3.xml,romantic
bachFreSui5GigSplit4.xml,baroque
chopSon1Mov1Split13.xml,romantic
debussyClaireSplit12.xml,romantic
lisztTranEtu10Split31.xml,romantic
bachPartita2Split22.xml,baroque
bachItaMov1Split5.xml,baroque
bachFug5Split12.xml,baroque
lisztTranEtu10Split27.xml,romantic
beetSon3Mov2Split8.xml,classical
beetSon3Mov2Split11.xml,classical
beetSon2Mov1Split77.xml,classical
rameauCyclopesSplit37.xml,baroque
bachFreSui5GigSplit5.xml,baroque
brahamsRhap2Split9.xml,romantic
haydnSon34Mov1Split15.xml,classical
bachFug5Split6.xml,baroque
handelPasSplit12.xml,baroque
couperinRondeauSplit17.xml,baroque
mozSon16Mov1Split11.xml,classical
brahamsRhap2Split7.xml,romantic
chopBall4Split60.xml,romantic
beetSon5Mov3Split13.xml,classical
chopinSch1Split27.xml,romantic
haydnSch9Split5.xml,classical
debussyRefletsSplit11.xml,romantic
handelPasSplit3.xml,baroque
mozSon4Mov1Split3.xml,classical
chopSon1Mov1Split4.xml,romantic
bachFug3Split18.xml,baroque
chopEtu10Split17.xml,romantic
mozSon13Mov1Split1.xml,classical
rachEtuTablOp33Split2.xml,romantic
lisztConcEtu1Split22.xml,romantic
haydnSon34Mov1Split7.xml,classical
haydnSon1Mov1Split9.xml,classical
mozSon4Mov1Split1.xml,classical
handelPasSplit13.xml,baroque
chopEtu1Split16.xml,romantic
handelPasSplit6.xml,baroque
brahamsWal15Split7.xml,romantic
scarlSonSplit15.xml,baroque
ravelSonMov1Split9.xml,romantic
beetSon5Mov3Split24.xml,classical
haydnSon37Mov1Split8.xml,classical
debussyClaireSplit9.xml,romantic
bachFug3Split7.xml,baroque
debussyRefletsSplit1.xml,romantic
rameauCyclopesSplit29.xml,baroque
chopBall4Split36.xml,romantic
brahamsRhap2Split28.xml,romantic
bachFug1Split2.xml,baroque
haydnSon37Mov1Split15.xml,classical
haydnSon34Mov1Split29.xml,classical
ravelSonMov1Split6.xml,romantic
mozSon16Mov1Split15.xml,classical
haydnSon1Mov1Split5.xml,classical
rameauCyclopesSplit22.xml,baroque
lisztTranEtu10Split17.xml,romantic
schumFantOp12Split20.xml,romantic
bachItaMov1Split48.xml,baroque
chopSon1Mov1Split22.xml,romantic
chopSon1Mov1Split10.xml,romantic
haydnSon34Mov1Split1.xml,classical
ravelSonMov1Split21.xml,romantic
mozSon16Mov1Split17.xml,classical
bachFug3Split9.xml,baroque
chopEtu10Split5.xml,romantic
chopNoc1Op15Split14.xml,romantic
lisztConcEtu1Split15.xml,romantic
haydnSon34Mov1Split21.xml,classical
couperinRondeauSplit10.xml,baroque
debussyRefletsSplit10.xml,romantic
bachPartita2Split38.xml,baroque
haydnSon1Mov1Split4.xml,classical
bachFug5Split10.xml,baroque
beetSon2Mov1Split32.xml,classical
bachFug8Split30.xml,baroque
tellemanFantSplit9.xml,baroque
beetSon2Mov1Split82.xml,classical
bachFug3Split37.xml,baroque
schumFantOp12Split6.xml,romantic
haydnSon1Mov1Split3.xml,classical
mozSon4Mov2Split3.xml,classical
chopinSch1Split97.xml,romantic
mozSon16Mov1Split18.xml,classical
rameauCyclopesSplit33.xml,baroque
debussyClaireSplit4.xml,romantic
rameauCyclopesSplit6.xml,baroque
bachInv1Split2.xml,baroque
beetSon5Mov3Split17.xml,classical
mozSon13Mov1Split40.xml,classical
lisztTranEtu10Split28.xml,romantic
beetSon5Mov3Split16.xml,classical
couperinRondeauSplit1.xml,baroque
schubImp2Op90Split43.xml,romantic
beetSon3Mov2Split4.xml,classical
brahamsWal15Split6.xml,romantic
debussyRefletsSplit23.xml,romantic
lisztConcEtu1Split14.xml,romantic
couperinRondeauSplit14.xml,baroque
lisztConcEtu1Split1.xml,romantic
scarlSonSplit16.xml,baroque
brahamsWal15Split8.xml,romantic
scarlSonSplit5.xml,baroque
brahamsWal15Split2.xml,romantic
handelPasSplit5.xml,baroque
bachFreSui1MenSplit4.xml,baroque
haydnSon37Mov1Split13.xml,classical
bachPartita2Split14.xml,baroque
beetSon17Mov3Split74.xml,classical
mozSon13Mov1Split38.xml,classical
bachFreSui3MenSplit3.xml,baroque
bachPartita2Split88.xml,baroque
rachEtuTablOp33Split6.xml,romantic
chopinPre4Split4.xml,romantic
rachEtuTablOp33Split10.xml,romantic
scarlSonSplit14.xml,baroque
chopinSch1Split60.xml,romantic
bachItaMov1Split20.xml,baroque
chopinSch1Split74.xml,romantic
scarlSonSplit8.xml,baroque
ravelSonMov1Split1.xml,romantic
tellemanFantSplit10.xml,baroque
beetSon3Mov2Split3.xml,classical
rameauCyclopesSplit2.xml,baroque
haydnSon34Mov1Split27.xml,classical
chopEtu10Split15.xml,romantic
mozSon4Mov2Split18.xml,classical
bachFug5Split14.xml,baroque
chopEtu10Split14.xml,romantic
lisztTranEtu10Split36.xml,romantic
chopinSch1Split31.xml,romantic
beetSon17Mov3Split78.xml,classical
debussyRefletsSplit17.xml,romantic
haydnSymp53Mov2Split5.xml,classical
haydnSymp53Mov2Split3.xml,classical
chopSon1Mov1Split38.xml,romantic
rachPre2Split15.xml,romantic
bachFug6Split12.xml,baroque
lisztTranEtu10Split23.xml,romantic
chopNoc1Op15Split11.xml,romantic
haydnSon37Mov1Split4.xml,classical
schubImp2Op90Split18.xml,romantic
bachFreSui3MenSplit5.xml,baroque
chopinSch1Split114.xml,romantic
handelPasSplit10.xml,baroque
bachFug9Split12.xml,baroque
lisztConcEtu1Split6.xml,romantic
chopSon1Mov1Split47.xml,romantic
bachFug3Split2.xml,baroque
beetSon17Mov3Split44.xml,classical
haydnSon37Mov1Split18.xml,classical
debussyClaireSplit1.xml,romantic
bachFug8Split21.xml,baroque
clemSon3Split11.xml,classical
bachInv1Split1.xml,baroque
bachFug5Split2.xml,baroque
bachFreSui1MenSplit2.xml,baroque
bachFug5Split4.xml,baroque
scarlSonSplit18.xml,baroque
bachFug9Split7.xml,baroque
bachItaMov1Split9.xml,baroque
scarlSonSplit6.xml,baroque
scarlSonSplit17.xml,baroque
clemSon3Split16.xml,classical
tellemanFantSplit3.xml,baroque
beetSon5Mov3Split30.xml,classical
bachFug8Split28.xml,baroque
bachFreSui3MenSplit2.xml,baroque
brahamsRhap2Split11.xml,romantic
chopinSch1Split92.xml,romantic
bachFug9Split9.xml,baroque
schumFantOp12Split13.xml,romantic
rachEtuTablOp33Split12.xml,romantic
haydnSon37Mov1Split2.xml,classical
beetSon2Mov1Split28.xml,classical
bachFug6Split9.xml,baroque
mozSon16Mov1Split9.xml,classical
haydnSon1Mov1Split6.xml,classical
schumFantOp12Split9.xml,romantic
beetSon5Mov3Split27.xml,classical
bachFug9Split6.xml,baroque
schumFantOp12Split19.xml,romantic
chopEtu10Split4.xml,romantic
debussyClaireSplit18.xml,romantic
bachInv1Split5.xml,baroque
bachFug8Split5.xml,baroque
haydnSymp53Mov2Split1.xml,classical
brahamsRhap2Split14.xml,romantic
beetSon2Mov1Split41.xml,classical
schubImp2Op90Split31.xml,romantic
bachItaMov1Split38.xml,baroque
beetSon17Mov3Split36.xml,classical
schumFantOp12Split22.xml,romantic
beetSon17Mov3Split81.xml,classical
bachPartita2Split53.xml,baroque
bachFug8Split24.xml,baroque
haydnSon1Mov1Split1.xml,classical
clemSon3Split4.xml,classical
haydnSymp53Mov2Split13.xml,classical
rachPre2Split2.xml,romantic
chopNoc1Op15Split5.xml,romantic
schumFantOp12Split7.xml,romantic
beetSon3Mov2Split15.xml,classical
beetSon17Mov3Split15.xml,classical
lisztConcEtu1Split23.xml,romantic
bachFreSui3MenSplit9.xml,baroque
chopEtu10Split13.xml,romantic
debussyClaireSplit10.xml,romantic
mozSon13Mov1Split2.xml,classical
debussyClaireSplit11.xml,romantic
couperinRondeauSplit18.xml,baroque
schubImp2Op90Split5.xml,romantic
schubImp2Op90Split10.xml,romantic
schumFantOp12Split16.xml,romantic
beetSon2Mov1Split5.xml,classical
chopEtu1Split9.xml,romantic
debussyRefletsSplit7.xml,romantic
beetSon2Mov1Split18.xml,classical
beetSon17Mov3Split82.xml,classical
chopSon1Mov1Split3.xml,romantic
bachFug3Split1.xml,baroque
chopEtu1Split3.xml,romantic
mozSon16Mov1Split4.xml,classical
lisztConcEtu1Split32.xml,romantic
bachFug1Split5.xml,baroque
debussyClaireSplit16.xml,romantic
chopNoc1Op15Split2.xml,romantic
clemSon3Split3.xml,classical
schumFantOp12Split1.xml,romantic
tellemanFantSplit8.xml,baroque
bachSinf1Split3.xml,baroque
rachPre2Split8.xml,romantic
chopEtu1Split6.xml,romantic
haydnSon34Mov1Split26.xml,classical
rachPre2Split11.xml,romantic
chopSon1Mov1Split20.xml,romantic
brahamsRhap2Split22.xml,romantic
bachItaMov1Split28.xml,baroque
bachItaMov1Split27.xml,baroque
couperinRondeauSplit15.xml,baroque
bachFug8Split9.xml,baroque
haydnSon34Mov1Split12.xml,classical
bachSinf1Split2.xml,baroque
chopinSch1Split150.xml,romantic
haydnSon37Mov1Split22.xml,classical
ravelSonMov1Split16.xml,romantic
rameauCyclopesSplit18.xml,baroque
chopSon1Mov1Split41.xml,romantic
brahamsRhap2Split15.xml,romantic
handelPasSplit14.xml,baroque
ravelSonMov1Split4.xml,romantic
mozSon13Mov1Split26.xml,classical
mozSon4Mov2Split4.xml,classical
bachItaMov1Split16.xml,baroque
couperinRondeauSplit7.xml,baroque
bachFreSui3MenSplit6.xml,baroque
bachFug6Split7.xml,baroque
mozSon4Mov2Split11.xml,classical
debussyRefletsSplit9.xml,romantic
chopEtu1Split17.xml,romantic
beetSon17Mov3Split49.xml,classical
chopSon1Mov1Split1.xml,romantic
couperinRondeauSplit11.xml,baroque
mozSon4Mov2Split10.xml,classical
haydnSch9Split1.xml,classical
handelPasSplit7.xml,baroque
mozSon16Mov1Split7.xml,classical
brahamsRhap2Split12.xml,romantic
beetSon2Mov1Split46.xml,classical
bachItaMov1Split39.xml,baroque
haydnSch9Split3.xml,classical
beetSon3Mov2Split2.xml,classical
chopBall4Split43.xml,romantic
clemSon3Split8.xml,classical
chopNoc1Op15Split3.xml,romantic
haydnSymp53Mov2Split4.xml,classical
lisztConcEtu1Split17.xml,romantic
rachEtuTablOp33Split5.xml,romantic
mozSon4Mov2Split13.xml,classical
haydnSymp53Mov2Split8.xml,classical
chopEtu1Split7.xml,romantic
beetSon2Mov1Split69.xml,classical
chopBall4Split24.xml,romantic
bachFug8Split15.xml,baroque
handelPasSplit4.xml,baroque
brahamsRhap2Split10.xml,romantic
haydnSymp53Mov2Split2.xml,classical
chopinPre4Split5.xml,romantic
haydnSymp53Mov2Split7.xml,classical
rachEtuTablOp33Split11.xml,romantic
clemSon3Split12.xml,classical
chopNoc1Op15Split9.xml,romantic
lisztConcEtu1Split24.xml,romantic
schumFantOp12Split17.xml,romantic
chopEtu10Split21.xml,romantic
beetSon2Mov1Split27.xml,classical
brahamsRhap2Split19.xml,romantic
chopEtu10Split6.xml,romantic
debussyClaireSplit15.xml,romantic
beetSon3Mov2Split6.xml,classical
debussyClaireSplit14.xml,romantic
chopBall4Split44.xml,romantic
rachPre2Split12.xml,romantic
chopEtu10Split11.xml,romantic
couperinRondeauSplit9.xml,baroque
clemSon3Split18.xml,classical
tellemanFantSplit4.xml,baroque
chopBall4Split14.xml,romantic
haydnSon34Mov1Split22.xml,classical
chopNoc1Op15Split8.xml,romantic
tellemanFantSplit13.xml,baroque
bachFug6Split14.xml,baroque
bachFug9Split1.xml,baroque
couperinRondeauSplit8.xml,baroque
lisztTranEtu10Split32.xml,romantic
chopNoc1Op15Split15.xml,romantic
beetSon5Mov3Split5.xml,classical
chopinSch1Split8.xml,romantic
handelPasSplit2.xml,baroque
scarlSonSplit1.xml,baroque
chopEtu10Split18.xml,romantic
debussyRefletsSplit4.xml,romantic
bachFreSui3MenSplit8.xml,baroque
schubImp2Op90Split50.xml,romantic
bachFug6Split16.xml,baroque
haydnSon37Mov1Split10.xml,classical
lisztTranEtu10Split33.xml,romantic
brahamsWal15Split1.xml,romantic
chopSon1Mov1Split57.xml,romantic
chopSon1Mov1Split17.xml,romantic
mozSon13Mov1Split25.xml,classical
chopBall4Split41.xml,romantic
bachFreSui3MenSplit1.xml,baroque
bachFreSui5GigSplit6.xml,baroque
chopBall4Split59.xml,romantic
haydnSon34Mov1Split23.xml,classical
beetSon5Mov3Split11.xml,classical
ravelSonMov1Split13.xml,romantic
debussyClaireSplit13.xml,romantic
beetSon5Mov3Split4.xml,classical
chopEtu10Split7.xml,romantic
debussyRefletsSplit15.xml,romantic
haydnSon37Mov1Split23.xml,classical
bachFug3Split19.xml,baroque
bachInv1Split4.xml,baroque
chopEtu10Split1.xml,romantic
schumFantOp12Split14.xml,romantic
bachPartita2Split13.xml,baroque
mozSon4Mov2Split2.xml,classical
rachPre2Split7.xml,romantic
scarlSonSplit12.xml,baroque
ravelSonMov1Split7.xml,romantic
haydnSon34Mov1Split6.xml,classical
clemSon3Split2.xml,classical
bachFug8Split7.xml,baroque
haydnSymp53Mov2Split9.xml,classical
haydnSch9Split4.xml,classical
beetSon3Mov2Split14.xml,classical
brahamsRhap2Split25.xml,romantic
mozSon13Mov1Split3.xml,classical
ravelSonMov1Split15.xml,romantic
lisztTranEtu10Split41.xml,romantic
bachFug8Split18.xml,baroque
bachFug6Split10.xml,baroque
bachPartita2Split12.xml,baroque
chopEtu10Split10.xml,romantic
scarlSonSplit7.xml,baroque
chopEtu1Split14.xml,romantic
debussyRefletsSplit2.xml,romantic
bachFreSui5GigSplit8.xml,baroque
haydnSon34Mov1Split9.xml,classical
beetSon17Mov3Split6.xml,classical
chopBall4Split47.xml,romantic
bachItaMov1Split15.xml,baroque
tellemanFantSplit7.xml,baroque
beetSon3Mov2Split12.xml,classical
debussyRefletsSplit6.xml,romantic
debussyRefletsSplit5.xml,romantic
brahamsRhap2Split2.xml,romantic
beetSon5Mov3Split22.xml,classical
bachPartita2Split3.xml,baroque
mozSon4Mov2Split15.xml,classical
beetSon17Mov3Split56.xml,classical
beetSon17Mov3Split37.xml,classical
rachEtuTablOp33Split13.xml,romantic
chopEtu10Split3.xml,romantic
beetSon5Mov3Split6.xml,classical
chopEtu1Split5.xml,romantic
haydnSon34Mov1Split20.xml,classical
bachFug9Split4.xml,baroque
chopEtu1Split2.xml,romantic
brahamsRhap2Split24.xml,romantic
haydnSon37Mov1Split6.xml,classical
mozSon4Mov1Split8.xml,classical
chopNoc1Op15Split18.xml,romantic
bachPartita2Split73.xml,baroque
bachFreSui1MenSplit3.xml,baroque
clemSon3Split9.xml,classical
schumFantOp12Split3.xml,romantic
bachFug3Split15.xml,baroque
schubImp2Op90Split44.xml,romantic
chopEtu10Split9.xml,romantic
mozSon4Mov2Split12.xml,classical
brahamsRhap2Split5.xml,romantic
debussyClaireSplit6.xml,romantic
scarlSonSplit2.xml,baroque
chopinSch1Split123.xml,romantic
ravelSonMov1Split14.xml,romantic
bachPartita2Split1.xml,baroque
lisztTranEtu10Split8.xml,romantic
bachItaMov1Split45.xml,baroque
mozSon16Mov1Split10.xml,classical
bachFug8Split17.xml,baroque
scarlSonSplit19.xml,baroque
schumFantOp12Split15.xml,romantic
mozSon13Mov1Split4.xml,classical
chopEtu1Split19.xml,romantic
debussyRefletsSplit13.xml,romantic
haydnSymp53Mov2Split6.xml,classical
bachFug3Split13.xml,baroque
bachSinf1Split1.xml,baroque
mozSon4Mov2Split14.xml,classical
bachPartita2Split81.xml,baroque
bachFreSui3MenSplit4.xml,baroque
schubImp2Op90Split3.xml,romantic
mozSon16Mov1Split6.xml,classical
rachEtuTablOp33Split4.xml,romantic
rachPre2Split10.xml,romantic
debussyClaireSplit3.xml,romantic
rameauCyclopesSplit36.xml,baroque
haydnSon34Mov1Split19.xml,classical
haydnSymp53Mov2Split16.xml,classical
bachFug3Split20.xml,baroque
ravelSonMov1Split11.xml,romantic
beetSon17Mov3Split90.xml,classical
chopEtu10Split2.xml,romantic
scarlSonSplit10.xml,baroque
chopinPre4Split2.xml,romantic
chopBall4Split55.xml,romantic
mozSon13Mov1Split36.xml,classical
chopEtu10Split8.xml,romantic
bachFreSui5GigSplit9.xml,baroque
haydnSon1Mov1Split10.xml,classical
rameauCyclopesSplit3.xml,baroque
ravelSonMov1Split2.xml,romantic
ravelSonMov1Split19.xml,romantic
rachPre2Split4.xml,romantic
rachPre2Split9.xml,romantic
schubImp2Op90Split15.xml,romantic
chopinSch1Split116.xml,romantic
chopinSch1Split78.xml,romantic
chopNoc1Op15Split6.xml,romantic
bachFug9Split10.xml,baroque
lisztConcEtu1Split3.xml,romantic
beetSon3Mov2Split17.xml,classical
bachFreSui1MenSplit5.xml,baroque
bachFug5Split7.xml,baroque
beetSon5Mov3Split2.xml,classical
mozSon16Mov1Split8.xml,classical
bachFug8Split23.xml,baroque
rachPre2Split14.xml,romantic
haydnSon1Mov1Split8.xml,classical
chopSon1Mov1Split44.xml,romantic
haydnSon37Mov1Split16.xml,classical
bachFug8Split12.xml,baroque
rachEtuTablOp33Split3.xml,romantic
mozSon4Mov1Split4.xml,classical
bachFug8Split8.xml,baroque
bachItaMov1Split42.xml,baroque
haydnSch9Split6.xml,classical
mozSon4Mov2Split9.xml,classical
rameauCyclopesSplit17.xml,baroque
ravelSonMov1Split17.xml,romantic
chopSon1Mov1Split37.xml,romantic
brahamsWal15Split3.xml,romantic
haydnSon37Mov1Split7.xml,classical
chopEtu1Split18.xml,romantic
rameauCyclopesSplit28.xml,baroque
bachFug9Split11.xml,baroque
bachFug9Split5.xml,baroque
bachPartita2Split10.xml,baroque
mozSon13Mov1Split11.xml,classical
scarlSonSplit3.xml,baroque
chopNoc1Op15Split17.xml,romantic
bachFug3Split16.xml,baroque
ravelSonMov1Split5.xml,romantic
chopSon1Mov1Split33.xml,romantic
lisztConcEtu1Split16.xml,romantic
bachItaMov1Split46.xml,baroque
bachFug8Split11.xml,baroque
mozSon4Mov1Split6.xml,classical
mozSon4Mov2Split6.xml,classical
chopEtu1Split1.xml,romantic
couperinRondeauSplit5.xml,baroque
chopSon1Mov1Split16.xml,romantic
chopBall4Split56.xml,romantic
rameauCyclopesSplit41.xml,baroque
mozSon4Mov1Split2.xml,classical
bachItaMov1Split40.xml,baroque
beetSon2Mov1Split43.xml,classical
chopNoc1Op15Split4.xml,romantic
mozSon13Mov1Split9.xml,classical
haydnSymp53Mov2Split10.xml,classical
handelPasSplit11.xml,baroque
schubImp2Op90Split41.xml,romantic
chopBall4Split37.xml,romantic
bachFug6Split3.xml,baroque
schumFantOp12Split8.xml,romantic
chopinSch1Split140.xml,romantic
handelPasSplit9.xml,baroque
mozSon4Mov2Split17.xml,classical
bachFug3Split14.xml,baroque
scarlSonSplit11.xml,baroque
chopinSch1Split156.xml,romantic
rachPre2Split13.xml,romantic
chopBall4Split25.xml,romantic
chopEtu1Split15.xml,romantic
haydnSon37Mov1Split20.xml,classical
haydnSon37Mov1Split24.xml,classical
beetSon3Mov2Split13.xml,classical
lisztConcEtu1Split7.xml,romantic
mozSon4Mov1Split9.xml,classical
bachPartita2Split74.xml,baroque
brahamsRhap2Split21.xml,romantic
beetSon2Mov1Split56.xml,classical
schumFantOp12Split12.xml,romantic
handelPasSplit8.xml,baroque
couperinRondeauSplit6.xml,baroque
beetSon5Mov3Split9.xml,classical
bachInv1Split3.xml,baroque
couperinRondeauSplit2.xml,baroque
tellemanFantSplit5.xml,baroque
bachFug6Split11.xml,baroque
chopBall4Split1.xml,romantic
schubImp2Op90Split7.xml,romantic
bachFreSui5GigSplit14.xml,baroque
bachFug3Split39.xml,baroque
mozSon4Mov1Split5.xml,classical
haydnSymp53Mov2Split12.xml,classical
mozSon16Mov1Split5.xml,classical
bachFreSui1MenSplit1.xml,baroque
lisztConcEtu1Split31.xml,romantic
haydnSon1Mov1Split12.xml,classical
handelPasSplit1.xml,baroque
chopinSch1Split87.xml,romantic
chopinSch1Split63.xml,romantic
beetSon17Mov3Split21.xml,classical
clemSon3Split10.xml,classical
couperinRondeauSplit4.xml,baroque
haydnSch9Split2.xml,classical
scarlSonSplit13.xml,baroque
bachFug9Split13.xml,baroque
chopNoc1Op15Split13.xml,romantic
chopBall4Split28.xml,romantic
mozSon4Mov2Split1.xml,classical
rachEtuTablOp33Split1.xml,romantic
haydnSymp53Mov2Split15.xml,classical
couperinRondeauSplit13.xml,baroque
lisztConcEtu1Split13.xml,romantic
mozSon4Mov2Split7.xml,classical
beetSon5Mov3Split8.xml,classical
tellemanFantSplit12.xml,baroque
mozSon4Mov2Split16.xml,classical
lisztTranEtu10Split35.xml,romantic
mozSon16Mov1Split12.xml,classical
chopNoc1Op15Split16.xml,romantic
bachItaMov1Split37.xml,baroque
chopEtu10Split20.xml,romantic
haydnSon37Mov1Split9.xml,classical
rachEtuTablOp33Split9.xml,romantic
bachFreSui5GigSplit3.xml,baroque
beetSon3Mov2Split1.xml,classical
beetSon5Mov3Split19.xml,classical
schumFantOp12Split11.xml,romantic
brahamsRhap2Split23.xml,romantic
rameauCyclopesSplit11.xml,baroque
haydnSon37Mov1Split1.xml,classical
mozSon16Mov1Split14.xml,classical
