bachFreSui1Men.xml,baroque
bachFreSui3Men.xml,baroque
bachFreSui5Gig.xml,baroque
bachFug1.xml,baroque
bachFug3.xml,baroque
bachFug5.xml,baroque
bachFug6.xml,baroque
bachFug8.xml,baroque
bachFug9.xml,baroque
bachInv1.xml,baroque
bachInv13.xml,baroque
bachInv5.xml,baroque
bachItaMov1.xml,baroque
bachPartita2.xml,baroque
bachSinf1.xml,baroque
beetSon17Mov3.xml,classical
beetSon2Mov1.xml,classical
beetSon3Mov2.xml,classical
beetSon5Mov3.xml,classical
brahamsRhap2.xml,romantic
brahamsWal15.xml,romantic
chopBall4.xml,romantic
chopEtu1.xml,romantic
chopEtu10.xml,romantic
chopinPre4.xml,romantic
chopinSch1.xml,romantic
chopNoc1Op15.xml,romantic
chopNoc1Op37.xml,romantic
chopPre15.xml,romantic
chopSon1Mov1.xml,romantic
clemSon3.xml,classical
couperinRondeau.xml,baroque
debussyClaire.xml,romantic
debussyReflets.xml,romantic
handelPas.xml,baroque
haydnSch9.xml,classical
haydnSon1Mov1.xml,classical
haydnSon34Mov1.xml,classical
haydnSon37Mov1.xml,classical
haydnSon7Mov1.xml,classical
haydnSymp53Mov2.xml,classical
lisztConcEtu1.xml,romantic
lisztTranEtu10.xml,romantic
mozSon10Mov2.xml,classical
mozSon13Mov1.xml,classical
mozSon16Mov1.xml,classical
mozSon4Mov1.xml,classical
mozSon4Mov2.xml,classical
rachEtuTablOp33.xml,romantic
rachPre2.xml,romantic
rameauCyclopes.xml,baroque
ravelSonMov1.xml,romantic
scarlSon.xml,baroque
schubImp2Op90.xml,romantic
schumFantOp12.xml,romantic
tellemanFant.xml,baroque