bachFreSui1MenSplit1.xml,baroque
bachFreSui1MenSplit2.xml,baroque
bachFreSui1MenSplit3.xml,baroque
bachFreSui1MenSplit4.xml,baroque
bachFreSui1MenSplit5.xml,baroque
bachFreSui1MenSplit6.xml,baroque
bachFreSui3MenSplit1.xml,baroque
bachFreSui3MenSplit2.xml,baroque
bachFreSui3MenSplit3.xml,baroque
bachFreSui3MenSplit4.xml,baroque
bachFreSui3MenSplit5.xml,baroque
bachFreSui3MenSplit6.xml,baroque
bachFreSui3MenSplit7.xml,baroque
bachFreSui3MenSplit8.xml,baroque
bachFreSui3MenSplit9.xml,baroque
bachFreSui5GigSplit1.xml,baroque
bachFreSui5GigSplit10.xml,baroque
bachFreSui5GigSplit11.xml,baroque
bachFreSui5GigSplit12.xml,baroque
bachFreSui5GigSplit13.xml,baroque
bachFreSui5GigSplit14.xml,baroque
bachFreSui5GigSplit2.xml,baroque
bachFreSui5GigSplit3.xml,baroque
bachFreSui5GigSplit4.xml,baroque
bachFreSui5GigSplit5.xml,baroque
bachFreSui5GigSplit6.xml,baroque
bachFreSui5GigSplit7.xml,baroque
bachFreSui5GigSplit8.xml,baroque
bachFreSui5GigSplit9.xml,baroque
bachFug1Split1.xml,baroque
bachFug1Split2.xml,baroque
bachFug1Split3.xml,baroque
bachFug1Split4.xml,baroque
bachFug1Split5.xml,baroque
bachFug1Split6.xml,baroque
bachFug3Split1.xml,baroque
bachFug3Split13.xml,baroque
bachFug3Split14.xml,baroque
bachFug3Split15.xml,baroque
bachFug3Split16.xml,baroque
bachFug3Split17.xml,baroque
bachFug3Split18.xml,baroque
bachFug3Split19.xml,baroque
bachFug3Split2.xml,baroque
bachFug3Split20.xml,baroque
bachFug3Split25.xml,baroque
bachFug3Split33.xml,baroque
bachFug3Split36.xml,baroque
bachFug3Split37.xml,baroque
bachFug3Split38.xml,baroque
bachFug3Split39.xml,baroque
bachFug3Split6.xml,baroque
bachFug3Split7.xml,baroque
bachFug3Split8.xml,baroque
bachFug3Split9.xml,baroque
bachFug5Split1.xml,baroque
bachFug5Split10.xml,baroque
bachFug5Split11.xml,baroque
bachFug5Split12.xml,baroque
bachFug5Split13.xml,baroque
bachFug5Split14.xml,baroque
bachFug5Split15.xml,baroque
bachFug5Split2.xml,baroque
bachFug5Split3.xml,baroque
bachFug5Split4.xml,baroque
bachFug5Split5.xml,baroque
bachFug5Split6.xml,baroque
bachFug5Split7.xml,baroque
bachFug5Split8.xml,baroque
bachFug5Split9.xml,baroque
bachFug6Split1.xml,baroque
bachFug6Split10.xml,baroque
bachFug6Split11.xml,baroque
bachFug6Split12.xml,baroque
bachFug6Split13.xml,baroque
bachFug6Split14.xml,baroque
bachFug6Split15.xml,baroque
bachFug6Split16.xml,baroque
bachFug6Split17.xml,baroque
bachFug6Split2.xml,baroque
bachFug6Split3.xml,baroque
bachFug6Split4.xml,baroque
bachFug6Split5.xml,baroque
bachFug6Split6.xml,baroque
bachFug6Split7.xml,baroque
bachFug6Split8.xml,baroque
bachFug6Split9.xml,baroque
bachFug8Split11.xml,baroque
bachFug8Split12.xml,baroque
bachFug8Split14.xml,baroque
bachFug8Split15.xml,baroque
bachFug8Split16.xml,baroque
bachFug8Split17.xml,baroque
bachFug8Split18.xml,baroque
bachFug8Split21.xml,baroque
bachFug8Split23.xml,baroque
bachFug8Split24.xml,baroque
bachFug8Split25.xml,baroque
bachFug8Split26.xml,baroque
bachFug8Split28.xml,baroque
bachFug8Split3.xml,baroque
bachFug8Split30.xml,baroque
bachFug8Split31.xml,baroque
bachFug8Split5.xml,baroque
bachFug8Split7.xml,baroque
bachFug8Split8.xml,baroque
bachFug8Split9.xml,baroque
bachFug9Split1.xml,baroque
bachFug9Split10.xml,baroque
bachFug9Split11.xml,baroque
bachFug9Split12.xml,baroque
bachFug9Split13.xml,baroque
bachFug9Split2.xml,baroque
bachFug9Split3.xml,baroque
bachFug9Split4.xml,baroque
bachFug9Split5.xml,baroque
bachFug9Split6.xml,baroque
bachFug9Split7.xml,baroque
bachFug9Split8.xml,baroque
bachFug9Split9.xml,baroque
bachInv1Split1.xml,baroque
bachInv1Split2.xml,baroque
bachInv1Split3.xml,baroque
bachInv1Split4.xml,baroque
bachInv1Split5.xml,baroque
bachItaMov1Split15.xml,baroque
bachItaMov1Split16.xml,baroque
bachItaMov1Split20.xml,baroque
bachItaMov1Split23.xml,baroque
bachItaMov1Split26.xml,baroque
bachItaMov1Split27.xml,baroque
bachItaMov1Split28.xml,baroque
bachItaMov1Split29.xml,baroque
bachItaMov1Split34.xml,baroque
bachItaMov1Split37.xml,baroque
bachItaMov1Split38.xml,baroque
bachItaMov1Split39.xml,baroque
bachItaMov1Split40.xml,baroque
bachItaMov1Split42.xml,baroque
bachItaMov1Split45.xml,baroque
bachItaMov1Split46.xml,baroque
bachItaMov1Split48.xml,baroque
bachItaMov1Split5.xml,baroque
bachItaMov1Split8.xml,baroque
bachItaMov1Split9.xml,baroque
bachPartita2Split1.xml,baroque
bachPartita2Split10.xml,baroque
bachPartita2Split12.xml,baroque
bachPartita2Split13.xml,baroque
bachPartita2Split14.xml,baroque
bachPartita2Split17.xml,baroque
bachPartita2Split22.xml,baroque
bachPartita2Split25.xml,baroque
bachPartita2Split28.xml,baroque
bachPartita2Split3.xml,baroque
bachPartita2Split38.xml,baroque
bachPartita2Split39.xml,baroque
bachPartita2Split4.xml,baroque
bachPartita2Split53.xml,baroque
bachPartita2Split63.xml,baroque
bachPartita2Split71.xml,baroque
bachPartita2Split73.xml,baroque
bachPartita2Split74.xml,baroque
bachPartita2Split81.xml,baroque
bachPartita2Split88.xml,baroque
bachSinf1Split1.xml,baroque
bachSinf1Split2.xml,baroque
bachSinf1Split3.xml,baroque
bachSinf1Split4.xml,baroque
bachSinf1Split5.xml,baroque
beetSon17Mov3Split15.xml,classical
beetSon17Mov3Split21.xml,classical
beetSon17Mov3Split36.xml,classical
beetSon17Mov3Split37.xml,classical
beetSon17Mov3Split4.xml,classical
beetSon17Mov3Split44.xml,classical
beetSon17Mov3Split49.xml,classical
beetSon17Mov3Split5.xml,classical
beetSon17Mov3Split55.xml,classical
beetSon17Mov3Split56.xml,classical
beetSon17Mov3Split6.xml,classical
beetSon17Mov3Split65.xml,classical
beetSon17Mov3Split69.xml,classical
beetSon17Mov3Split70.xml,classical
beetSon17Mov3Split74.xml,classical
beetSon17Mov3Split78.xml,classical
beetSon17Mov3Split81.xml,classical
beetSon17Mov3Split82.xml,classical
beetSon17Mov3Split90.xml,classical
beetSon17Mov3Split92.xml,classical
beetSon2Mov1Split18.xml,classical
beetSon2Mov1Split27.xml,classical
beetSon2Mov1Split28.xml,classical
beetSon2Mov1Split30.xml,classical
beetSon2Mov1Split32.xml,classical
beetSon2Mov1Split41.xml,classical
beetSon2Mov1Split43.xml,classical
beetSon2Mov1Split46.xml,classical
beetSon2Mov1Split48.xml,classical
beetSon2Mov1Split5.xml,classical
beetSon2Mov1Split54.xml,classical
beetSon2Mov1Split55.xml,classical
beetSon2Mov1Split56.xml,classical
beetSon2Mov1Split69.xml,classical
beetSon2Mov1Split74.xml,classical
beetSon2Mov1Split77.xml,classical
beetSon2Mov1Split8.xml,classical
beetSon2Mov1Split82.xml,classical
beetSon2Mov1Split83.xml,classical
beetSon2Mov1Split84.xml,classical
beetSon3Mov2Split1.xml,classical
beetSon3Mov2Split10.xml,classical
beetSon3Mov2Split11.xml,classical
beetSon3Mov2Split12.xml,classical
beetSon3Mov2Split13.xml,classical
beetSon3Mov2Split14.xml,classical
beetSon3Mov2Split15.xml,classical
beetSon3Mov2Split16.xml,classical
beetSon3Mov2Split17.xml,classical
beetSon3Mov2Split18.xml,classical
beetSon3Mov2Split19.xml,classical
beetSon3Mov2Split2.xml,classical
beetSon3Mov2Split20.xml,classical
beetSon3Mov2Split3.xml,classical
beetSon3Mov2Split4.xml,classical
beetSon3Mov2Split5.xml,classical
beetSon3Mov2Split6.xml,classical
beetSon3Mov2Split7.xml,classical
beetSon3Mov2Split8.xml,classical
beetSon3Mov2Split9.xml,classical
beetSon5Mov3Split10.xml,classical
beetSon5Mov3Split11.xml,classical
beetSon5Mov3Split13.xml,classical
beetSon5Mov3Split15.xml,classical
beetSon5Mov3Split16.xml,classical
beetSon5Mov3Split17.xml,classical
beetSon5Mov3Split18.xml,classical
beetSon5Mov3Split19.xml,classical
beetSon5Mov3Split2.xml,classical
beetSon5Mov3Split21.xml,classical
beetSon5Mov3Split22.xml,classical
beetSon5Mov3Split24.xml,classical
beetSon5Mov3Split25.xml,classical
beetSon5Mov3Split27.xml,classical
beetSon5Mov3Split30.xml,classical
beetSon5Mov3Split4.xml,classical
beetSon5Mov3Split5.xml,classical
beetSon5Mov3Split6.xml,classical
beetSon5Mov3Split8.xml,classical
beetSon5Mov3Split9.xml,classical
brahamsRhap2Split1.xml,romantic
brahamsRhap2Split10.xml,romantic
brahamsRhap2Split11.xml,romantic
brahamsRhap2Split12.xml,romantic
brahamsRhap2Split14.xml,romantic
brahamsRhap2Split15.xml,romantic
brahamsRhap2Split19.xml,romantic
brahamsRhap2Split2.xml,romantic
brahamsRhap2Split21.xml,romantic
brahamsRhap2Split22.xml,romantic
brahamsRhap2Split23.xml,romantic
brahamsRhap2Split24.xml,romantic
brahamsRhap2Split25.xml,romantic
brahamsRhap2Split26.xml,romantic
brahamsRhap2Split28.xml,romantic
brahamsRhap2Split29.xml,romantic
brahamsRhap2Split4.xml,romantic
brahamsRhap2Split5.xml,romantic
brahamsRhap2Split7.xml,romantic
brahamsRhap2Split9.xml,romantic
brahamsWal15Split1.xml,romantic
brahamsWal15Split2.xml,romantic
brahamsWal15Split3.xml,romantic
brahamsWal15Split4.xml,romantic
brahamsWal15Split5.xml,romantic
brahamsWal15Split6.xml,romantic
brahamsWal15Split7.xml,romantic
brahamsWal15Split8.xml,romantic
brahamsWal15Split9.xml,romantic
chopBall4Split1.xml,romantic
chopBall4Split14.xml,romantic
chopBall4Split19.xml,romantic
chopBall4Split20.xml,romantic
chopBall4Split24.xml,romantic
chopBall4Split25.xml,romantic
chopBall4Split27.xml,romantic
chopBall4Split28.xml,romantic
chopBall4Split36.xml,romantic
chopBall4Split37.xml,romantic
chopBall4Split41.xml,romantic
chopBall4Split42.xml,romantic
chopBall4Split43.xml,romantic
chopBall4Split44.xml,romantic
chopBall4Split47.xml,romantic
chopBall4Split55.xml,romantic
chopBall4Split56.xml,romantic
chopBall4Split59.xml,romantic
chopBall4Split60.xml,romantic
chopBall4Split7.xml,romantic
chopEtu10Split1.xml,romantic
chopEtu10Split10.xml,romantic
chopEtu10Split11.xml,romantic
chopEtu10Split13.xml,romantic
chopEtu10Split14.xml,romantic
chopEtu10Split15.xml,romantic
chopEtu10Split16.xml,romantic
chopEtu10Split17.xml,romantic
chopEtu10Split18.xml,romantic
chopEtu10Split19.xml,romantic
chopEtu10Split2.xml,romantic
chopEtu10Split20.xml,romantic
chopEtu10Split21.xml,romantic
chopEtu10Split3.xml,romantic
chopEtu10Split4.xml,romantic
chopEtu10Split5.xml,romantic
chopEtu10Split6.xml,romantic
chopEtu10Split7.xml,romantic
chopEtu10Split8.xml,romantic
chopEtu10Split9.xml,romantic
chopEtu1Split1.xml,romantic
chopEtu1Split10.xml,romantic
chopEtu1Split11.xml,romantic
chopEtu1Split12.xml,romantic
chopEtu1Split13.xml,romantic
chopEtu1Split14.xml,romantic
chopEtu1Split15.xml,romantic
chopEtu1Split16.xml,romantic
chopEtu1Split17.xml,romantic
chopEtu1Split18.xml,romantic
chopEtu1Split19.xml,romantic
chopEtu1Split2.xml,romantic
chopEtu1Split3.xml,romantic
chopEtu1Split4.xml,romantic
chopEtu1Split5.xml,romantic
chopEtu1Split6.xml,romantic
chopEtu1Split7.xml,romantic
chopEtu1Split8.xml,romantic
chopEtu1Split9.xml,romantic
chopinPre4Split1.xml,romantic
chopinPre4Split2.xml,romantic
chopinPre4Split3.xml,romantic
chopinPre4Split4.xml,romantic
chopinPre4Split5.xml,romantic
chopinPre4Split6.xml,romantic
chopinSch1Split100.xml,romantic
chopinSch1Split114.xml,romantic
chopinSch1Split116.xml,romantic
chopinSch1Split123.xml,romantic
chopinSch1Split140.xml,romantic
chopinSch1Split150.xml,romantic
chopinSch1Split156.xml,romantic
chopinSch1Split27.xml,romantic
chopinSch1Split31.xml,romantic
chopinSch1Split33.xml,romantic
chopinSch1Split40.xml,romantic
chopinSch1Split53.xml,romantic
chopinSch1Split60.xml,romantic
chopinSch1Split63.xml,romantic
chopinSch1Split74.xml,romantic
chopinSch1Split78.xml,romantic
chopinSch1Split8.xml,romantic
chopinSch1Split87.xml,romantic
chopinSch1Split92.xml,romantic
chopinSch1Split97.xml,romantic
chopNoc1Op15Split1.xml,romantic
chopNoc1Op15Split10.xml,romantic
chopNoc1Op15Split11.xml,romantic
chopNoc1Op15Split12.xml,romantic
chopNoc1Op15Split13.xml,romantic
chopNoc1Op15Split14.xml,romantic
chopNoc1Op15Split15.xml,romantic
chopNoc1Op15Split16.xml,romantic
chopNoc1Op15Split17.xml,romantic
chopNoc1Op15Split18.xml,romantic
chopNoc1Op15Split2.xml,romantic
chopNoc1Op15Split3.xml,romantic
chopNoc1Op15Split4.xml,romantic
chopNoc1Op15Split5.xml,romantic
chopNoc1Op15Split6.xml,romantic
chopNoc1Op15Split7.xml,romantic
chopNoc1Op15Split8.xml,romantic
chopNoc1Op15Split9.xml,romantic
chopSon1Mov1Split1.xml,romantic
chopSon1Mov1Split10.xml,romantic
chopSon1Mov1Split13.xml,romantic
chopSon1Mov1Split16.xml,romantic
chopSon1Mov1Split17.xml,romantic
chopSon1Mov1Split2.xml,romantic
chopSon1Mov1Split20.xml,romantic
chopSon1Mov1Split22.xml,romantic
chopSon1Mov1Split3.xml,romantic
chopSon1Mov1Split30.xml,romantic
chopSon1Mov1Split31.xml,romantic
chopSon1Mov1Split33.xml,romantic
chopSon1Mov1Split37.xml,romantic
chopSon1Mov1Split38.xml,romantic
chopSon1Mov1Split4.xml,romantic
chopSon1Mov1Split41.xml,romantic
chopSon1Mov1Split44.xml,romantic
chopSon1Mov1Split46.xml,romantic
chopSon1Mov1Split47.xml,romantic
chopSon1Mov1Split57.xml,romantic
clemSon3Split1.xml,classical
clemSon3Split10.xml,classical
clemSon3Split11.xml,classical
clemSon3Split12.xml,classical
clemSon3Split13.xml,classical
clemSon3Split14.xml,classical
clemSon3Split15.xml,classical
clemSon3Split16.xml,classical
clemSon3Split18.xml,classical
clemSon3Split2.xml,classical
clemSon3Split3.xml,classical
clemSon3Split4.xml,classical
clemSon3Split8.xml,classical
clemSon3Split9.xml,classical
couperinRondeauSplit1.xml,baroque
couperinRondeauSplit10.xml,baroque
couperinRondeauSplit11.xml,baroque
couperinRondeauSplit12.xml,baroque
couperinRondeauSplit13.xml,baroque
couperinRondeauSplit14.xml,baroque
couperinRondeauSplit15.xml,baroque
couperinRondeauSplit16.xml,baroque
couperinRondeauSplit17.xml,baroque
couperinRondeauSplit18.xml,baroque
couperinRondeauSplit2.xml,baroque
couperinRondeauSplit3.xml,baroque
couperinRondeauSplit4.xml,baroque
couperinRondeauSplit5.xml,baroque
couperinRondeauSplit6.xml,baroque
couperinRondeauSplit7.xml,baroque
couperinRondeauSplit8.xml,baroque
couperinRondeauSplit9.xml,baroque
debussyClaireSplit1.xml,romantic
debussyClaireSplit10.xml,romantic
debussyClaireSplit11.xml,romantic
debussyClaireSplit12.xml,romantic
debussyClaireSplit13.xml,romantic
debussyClaireSplit14.xml,romantic
debussyClaireSplit15.xml,romantic
debussyClaireSplit16.xml,romantic
debussyClaireSplit17.xml,romantic
debussyClaireSplit18.xml,romantic
debussyClaireSplit2.xml,romantic
debussyClaireSplit3.xml,romantic
debussyClaireSplit4.xml,romantic
debussyClaireSplit5.xml,romantic
debussyClaireSplit6.xml,romantic
debussyClaireSplit7.xml,romantic
debussyClaireSplit8.xml,romantic
debussyClaireSplit9.xml,romantic
debussyRefletsSplit1.xml,romantic
debussyRefletsSplit10.xml,romantic
debussyRefletsSplit11.xml,romantic
debussyRefletsSplit12.xml,romantic
debussyRefletsSplit13.xml,romantic
debussyRefletsSplit15.xml,romantic
debussyRefletsSplit16.xml,romantic
debussyRefletsSplit17.xml,romantic
debussyRefletsSplit18.xml,romantic
debussyRefletsSplit19.xml,romantic
debussyRefletsSplit2.xml,romantic
debussyRefletsSplit20.xml,romantic
debussyRefletsSplit21.xml,romantic
debussyRefletsSplit22.xml,romantic
debussyRefletsSplit23.xml,romantic
debussyRefletsSplit4.xml,romantic
debussyRefletsSplit5.xml,romantic
debussyRefletsSplit6.xml,romantic
debussyRefletsSplit7.xml,romantic
debussyRefletsSplit9.xml,romantic
handelPasSplit1.xml,baroque
handelPasSplit10.xml,baroque
handelPasSplit11.xml,baroque
handelPasSplit12.xml,baroque
handelPasSplit13.xml,baroque
handelPasSplit14.xml,baroque
handelPasSplit15.xml,baroque
handelPasSplit16.xml,baroque
handelPasSplit2.xml,baroque
handelPasSplit3.xml,baroque
handelPasSplit4.xml,baroque
handelPasSplit5.xml,baroque
handelPasSplit6.xml,baroque
handelPasSplit7.xml,baroque
handelPasSplit8.xml,baroque
handelPasSplit9.xml,baroque
haydnSch9Split1.xml,classical
haydnSch9Split2.xml,classical
haydnSch9Split3.xml,classical
haydnSch9Split4.xml,classical
haydnSch9Split5.xml,classical
haydnSch9Split6.xml,classical
haydnSon1Mov1Split1.xml,classical
haydnSon1Mov1Split10.xml,classical
haydnSon1Mov1Split11.xml,classical
haydnSon1Mov1Split12.xml,classical
haydnSon1Mov1Split2.xml,classical
haydnSon1Mov1Split3.xml,classical
haydnSon1Mov1Split4.xml,classical
haydnSon1Mov1Split5.xml,classical
haydnSon1Mov1Split6.xml,classical
haydnSon1Mov1Split7.xml,classical
haydnSon1Mov1Split8.xml,classical
haydnSon1Mov1Split9.xml,classical
haydnSon34Mov1Split1.xml,classical
haydnSon34Mov1Split12.xml,classical
haydnSon34Mov1Split13.xml,classical
haydnSon34Mov1Split15.xml,classical
haydnSon34Mov1Split18.xml,classical
haydnSon34Mov1Split19.xml,classical
haydnSon34Mov1Split2.xml,classical
haydnSon34Mov1Split20.xml,classical
haydnSon34Mov1Split21.xml,classical
haydnSon34Mov1Split22.xml,classical
haydnSon34Mov1Split23.xml,classical
haydnSon34Mov1Split24.xml,classical
haydnSon34Mov1Split26.xml,classical
haydnSon34Mov1Split27.xml,classical
haydnSon34Mov1Split28.xml,classical
haydnSon34Mov1Split29.xml,classical
haydnSon34Mov1Split5.xml,classical
haydnSon34Mov1Split6.xml,classical
haydnSon34Mov1Split7.xml,classical
haydnSon34Mov1Split9.xml,classical
haydnSon37Mov1Split1.xml,classical
haydnSon37Mov1Split10.xml,classical
haydnSon37Mov1Split11.xml,classical
haydnSon37Mov1Split12.xml,classical
haydnSon37Mov1Split13.xml,classical
haydnSon37Mov1Split14.xml,classical
haydnSon37Mov1Split15.xml,classical
haydnSon37Mov1Split16.xml,classical
haydnSon37Mov1Split18.xml,classical
haydnSon37Mov1Split2.xml,classical
haydnSon37Mov1Split20.xml,classical
haydnSon37Mov1Split22.xml,classical
haydnSon37Mov1Split23.xml,classical
haydnSon37Mov1Split24.xml,classical
haydnSon37Mov1Split4.xml,classical
haydnSon37Mov1Split5.xml,classical
haydnSon37Mov1Split6.xml,classical
haydnSon37Mov1Split7.xml,classical
haydnSon37Mov1Split8.xml,classical
haydnSon37Mov1Split9.xml,classical
haydnSymp53Mov2Split1.xml,classical
haydnSymp53Mov2Split10.xml,classical
haydnSymp53Mov2Split11.xml,classical
haydnSymp53Mov2Split12.xml,classical
haydnSymp53Mov2Split13.xml,classical
haydnSymp53Mov2Split14.xml,classical
haydnSymp53Mov2Split15.xml,classical
haydnSymp53Mov2Split16.xml,classical
haydnSymp53Mov2Split2.xml,classical
haydnSymp53Mov2Split3.xml,classical
haydnSymp53Mov2Split4.xml,classical
haydnSymp53Mov2Split5.xml,classical
haydnSymp53Mov2Split6.xml,classical
haydnSymp53Mov2Split7.xml,classical
haydnSymp53Mov2Split8.xml,classical
haydnSymp53Mov2Split9.xml,classical
lisztConcEtu1Split1.xml,romantic
lisztConcEtu1Split10.xml,romantic
lisztConcEtu1Split12.xml,romantic
lisztConcEtu1Split13.xml,romantic
lisztConcEtu1Split14.xml,romantic
lisztConcEtu1Split15.xml,romantic
lisztConcEtu1Split16.xml,romantic
lisztConcEtu1Split17.xml,romantic
lisztConcEtu1Split20.xml,romantic
lisztConcEtu1Split22.xml,romantic
lisztConcEtu1Split23.xml,romantic
lisztConcEtu1Split24.xml,romantic
lisztConcEtu1Split3.xml,romantic
lisztConcEtu1Split31.xml,romantic
lisztConcEtu1Split32.xml,romantic
lisztConcEtu1Split33.xml,romantic
lisztConcEtu1Split38.xml,romantic
lisztConcEtu1Split6.xml,romantic
lisztConcEtu1Split7.xml,romantic
lisztConcEtu1Split9.xml,romantic
lisztTranEtu10Split10.xml,romantic
lisztTranEtu10Split12.xml,romantic
lisztTranEtu10Split17.xml,romantic
lisztTranEtu10Split21.xml,romantic
lisztTranEtu10Split22.xml,romantic
lisztTranEtu10Split23.xml,romantic
lisztTranEtu10Split24.xml,romantic
lisztTranEtu10Split27.xml,romantic
lisztTranEtu10Split28.xml,romantic
lisztTranEtu10Split29.xml,romantic
lisztTranEtu10Split30.xml,romantic
lisztTranEtu10Split31.xml,romantic
lisztTranEtu10Split32.xml,romantic
lisztTranEtu10Split33.xml,romantic
lisztTranEtu10Split35.xml,romantic
lisztTranEtu10Split36.xml,romantic
lisztTranEtu10Split41.xml,romantic
lisztTranEtu10Split5.xml,romantic
lisztTranEtu10Split8.xml,romantic
lisztTranEtu10Split9.xml,romantic
mozSon13Mov1Split1.xml,classical
mozSon13Mov1Split10.xml,classical
mozSon13Mov1Split11.xml,classical
mozSon13Mov1Split12.xml,classical
mozSon13Mov1Split17.xml,classical
mozSon13Mov1Split19.xml,classical
mozSon13Mov1Split2.xml,classical
mozSon13Mov1Split22.xml,classical
mozSon13Mov1Split25.xml,classical
mozSon13Mov1Split26.xml,classical
mozSon13Mov1Split27.xml,classical
mozSon13Mov1Split3.xml,classical
mozSon13Mov1Split32.xml,classical
mozSon13Mov1Split34.xml,classical
mozSon13Mov1Split36.xml,classical
mozSon13Mov1Split38.xml,classical
mozSon13Mov1Split39.xml,classical
mozSon13Mov1Split4.xml,classical
mozSon13Mov1Split40.xml,classical
mozSon13Mov1Split9.xml,classical
mozSon16Mov1Split1.xml,classical
mozSon16Mov1Split10.xml,classical
mozSon16Mov1Split11.xml,classical
mozSon16Mov1Split12.xml,classical
mozSon16Mov1Split13.xml,classical
mozSon16Mov1Split14.xml,classical
mozSon16Mov1Split15.xml,classical
mozSon16Mov1Split16.xml,classical
mozSon16Mov1Split17.xml,classical
mozSon16Mov1Split18.xml,classical
mozSon16Mov1Split2.xml,classical
mozSon16Mov1Split3.xml,classical
mozSon16Mov1Split4.xml,classical
mozSon16Mov1Split5.xml,classical
mozSon16Mov1Split6.xml,classical
mozSon16Mov1Split7.xml,classical
mozSon16Mov1Split8.xml,classical
mozSon16Mov1Split9.xml,classical
mozSon4Mov1Split1.xml,classical
mozSon4Mov1Split2.xml,classical
mozSon4Mov1Split3.xml,classical
mozSon4Mov1Split4.xml,classical
mozSon4Mov1Split5.xml,classical
mozSon4Mov1Split6.xml,classical
mozSon4Mov1Split7.xml,classical
mozSon4Mov1Split8.xml,classical
mozSon4Mov1Split9.xml,classical
mozSon4Mov2Split1.xml,classical
mozSon4Mov2Split10.xml,classical
mozSon4Mov2Split11.xml,classical
mozSon4Mov2Split12.xml,classical
mozSon4Mov2Split13.xml,classical
mozSon4Mov2Split14.xml,classical
mozSon4Mov2Split15.xml,classical
mozSon4Mov2Split16.xml,classical
mozSon4Mov2Split17.xml,classical
mozSon4Mov2Split18.xml,classical
mozSon4Mov2Split2.xml,classical
mozSon4Mov2Split3.xml,classical
mozSon4Mov2Split4.xml,classical
mozSon4Mov2Split6.xml,classical
mozSon4Mov2Split7.xml,classical
mozSon4Mov2Split8.xml,classical
mozSon4Mov2Split9.xml,classical
rachEtuTablOp33Split1.xml,romantic
rachEtuTablOp33Split10.xml,romantic
rachEtuTablOp33Split11.xml,romantic
rachEtuTablOp33Split12.xml,romantic
rachEtuTablOp33Split13.xml,romantic
rachEtuTablOp33Split14.xml,romantic
rachEtuTablOp33Split15.xml,romantic
rachEtuTablOp33Split2.xml,romantic
rachEtuTablOp33Split3.xml,romantic
rachEtuTablOp33Split4.xml,romantic
rachEtuTablOp33Split5.xml,romantic
rachEtuTablOp33Split6.xml,romantic
rachEtuTablOp33Split7.xml,romantic
rachEtuTablOp33Split8.xml,romantic
rachEtuTablOp33Split9.xml,romantic
rachPre2Split1.xml,romantic
rachPre2Split10.xml,romantic
rachPre2Split11.xml,romantic
rachPre2Split12.xml,romantic
rachPre2Split13.xml,romantic
rachPre2Split14.xml,romantic
rachPre2Split15.xml,romantic
rachPre2Split2.xml,romantic
rachPre2Split3.xml,romantic
rachPre2Split4.xml,romantic
rachPre2Split5.xml,romantic
rachPre2Split6.xml,romantic
rachPre2Split7.xml,romantic
rachPre2Split8.xml,romantic
rachPre2Split9.xml,romantic
rameauCyclopesSplit11.xml,baroque
rameauCyclopesSplit12.xml,baroque
rameauCyclopesSplit17.xml,baroque
rameauCyclopesSplit18.xml,baroque
rameauCyclopesSplit19.xml,baroque
rameauCyclopesSplit2.xml,baroque
rameauCyclopesSplit22.xml,baroque
rameauCyclopesSplit23.xml,baroque
rameauCyclopesSplit25.xml,baroque
rameauCyclopesSplit26.xml,baroque
rameauCyclopesSplit28.xml,baroque
rameauCyclopesSplit29.xml,baroque
rameauCyclopesSplit3.xml,baroque
rameauCyclopesSplit33.xml,baroque
rameauCyclopesSplit36.xml,baroque
rameauCyclopesSplit37.xml,baroque
rameauCyclopesSplit39.xml,baroque
rameauCyclopesSplit41.xml,baroque
rameauCyclopesSplit6.xml,baroque
rameauCyclopesSplit7.xml,baroque
ravelSonMov1Split1.xml,romantic
ravelSonMov1Split11.xml,romantic
ravelSonMov1Split12.xml,romantic
ravelSonMov1Split13.xml,romantic
ravelSonMov1Split14.xml,romantic
ravelSonMov1Split15.xml,romantic
ravelSonMov1Split16.xml,romantic
ravelSonMov1Split17.xml,romantic
ravelSonMov1Split18.xml,romantic
ravelSonMov1Split19.xml,romantic
ravelSonMov1Split2.xml,romantic
ravelSonMov1Split20.xml,romantic
ravelSonMov1Split21.xml,romantic
ravelSonMov1Split3.xml,romantic
ravelSonMov1Split4.xml,romantic
ravelSonMov1Split5.xml,romantic
ravelSonMov1Split6.xml,romantic
ravelSonMov1Split7.xml,romantic
ravelSonMov1Split8.xml,romantic
ravelSonMov1Split9.xml,romantic
scarlSonSplit1.xml,baroque
scarlSonSplit10.xml,baroque
scarlSonSplit11.xml,baroque
scarlSonSplit12.xml,baroque
scarlSonSplit13.xml,baroque
scarlSonSplit14.xml,baroque
scarlSonSplit15.xml,baroque
scarlSonSplit16.xml,baroque
scarlSonSplit17.xml,baroque
scarlSonSplit18.xml,baroque
scarlSonSplit19.xml,baroque
scarlSonSplit2.xml,baroque
scarlSonSplit3.xml,baroque
scarlSonSplit4.xml,baroque
scarlSonSplit5.xml,baroque
scarlSonSplit6.xml,baroque
scarlSonSplit7.xml,baroque
scarlSonSplit8.xml,baroque
scarlSonSplit9.xml,baroque
schubImp2Op90Split10.xml,romantic
schubImp2Op90Split15.xml,romantic
schubImp2Op90Split16.xml,romantic
schubImp2Op90Split18.xml,romantic
schubImp2Op90Split20.xml,romantic
schubImp2Op90Split28.xml,romantic
schubImp2Op90Split29.xml,romantic
schubImp2Op90Split3.xml,romantic
schubImp2Op90Split31.xml,romantic
schubImp2Op90Split40.xml,romantic
schubImp2Op90Split41.xml,romantic
schubImp2Op90Split42.xml,romantic
schubImp2Op90Split43.xml,romantic
schubImp2Op90Split44.xml,romantic
schubImp2Op90Split45.xml,romantic
schubImp2Op90Split48.xml,romantic
schubImp2Op90Split5.xml,romantic
schubImp2Op90Split50.xml,romantic
schubImp2Op90Split6.xml,romantic
schubImp2Op90Split7.xml,romantic
schumFantOp12Split1.xml,romantic
schumFantOp12Split10.xml,romantic
schumFantOp12Split11.xml,romantic
schumFantOp12Split12.xml,romantic
schumFantOp12Split13.xml,romantic
schumFantOp12Split14.xml,romantic
schumFantOp12Split15.xml,romantic
schumFantOp12Split16.xml,romantic
schumFantOp12Split17.xml,romantic
schumFantOp12Split18.xml,romantic
schumFantOp12Split19.xml,romantic
schumFantOp12Split20.xml,romantic
schumFantOp12Split22.xml,romantic
schumFantOp12Split3.xml,romantic
schumFantOp12Split4.xml,romantic
schumFantOp12Split5.xml,romantic
schumFantOp12Split6.xml,romantic
schumFantOp12Split7.xml,romantic
schumFantOp12Split8.xml,romantic
schumFantOp12Split9.xml,romantic
tellemanFantSplit1.xml,baroque
tellemanFantSplit10.xml,baroque
tellemanFantSplit11.xml,baroque
tellemanFantSplit12.xml,baroque
tellemanFantSplit13.xml,baroque
tellemanFantSplit2.xml,baroque
tellemanFantSplit3.xml,baroque
tellemanFantSplit4.xml,baroque
tellemanFantSplit5.xml,baroque
tellemanFantSplit6.xml,baroque
tellemanFantSplit7.xml,baroque
tellemanFantSplit8.xml,baroque
tellemanFantSplit9.xml,baroque
